﻿<?xml version="1.0" encoding="utf-8"?>
<abapGit version="v1.0.0" serializer="LCL_OBJECT_DTEL" serializer_version="v1.0.0">
 <asx:abap xmlns:asx="http://www.sap.com/abapxml" version="1.0">
  <asx:values>
   <DD04V>
    <ROLLNAME>ZAKS_FM_VCPCT</ROLLNAME>
    <DDLANGUAGE>E</DDLANGUAGE>
    <DOMNAME>ZAKS_DO_FM_VCPCT</DOMNAME>
    <HEADLEN>55</HEADLEN>
    <SCRLEN1>10</SCRLEN1>
    <SCRLEN2>20</SCRLEN2>
    <SCRLEN3>40</SCRLEN3>
    <DDTEXT>Vehicle Capacity</DDTEXT>
    <REPTEXT>Vehicle Capacity</REPTEXT>
    <SCRTEXT_S>Capacity</SCRTEXT_S>
    <SCRTEXT_M>Vehicle Capacity</SCRTEXT_M>
    <SCRTEXT_L>Vehicle Capacity</SCRTEXT_L>
    <DTELMASTER>E</DTELMASTER>
    <REFKIND>D</REFKIND>
    <ABAP_LANGUAGE_VERSION>5</ABAP_LANGUAGE_VERSION>
   </DD04V>
  </asx:values>
 </asx:abap>
</abapGit>
