﻿<?xml version="1.0" encoding="utf-8"?>
<abapGit version="v1.0.0" serializer="LCL_OBJECT_DOMA" serializer_version="v1.0.0">
 <asx:abap xmlns:asx="http://www.sap.com/abapxml" version="1.0">
  <asx:values>
   <DD01V>
    <DOMNAME>ZAKS_DO_FM_VTYP</DOMNAME>
    <DDLANGUAGE>E</DDLANGUAGE>
    <DATATYPE>CHAR</DATATYPE>
    <LENG>000010</LENG>
    <OUTPUTLEN>000010</OUTPUTLEN>
    <VALEXI>X</VALEXI>
    <DDTEXT>Vehicle Type</DDTEXT>
    <DOMMASTER>E</DOMMASTER>
   </DD01V>
   <DD07V_TAB>
    <DD07V>
     <DOMNAME>ZAKS_DO_FM_VTYP</DOMNAME>
     <VALPOS>0001</VALPOS>
     <DDLANGUAGE>E</DDLANGUAGE>
     <DOMVALUE_L>TRUCK</DOMVALUE_L>
     <DDTEXT>Truck</DDTEXT>
    </DD07V>
    <DD07V>
     <DOMNAME>ZAKS_DO_FM_VTYP</DOMNAME>
     <VALPOS>0002</VALPOS>
     <DDLANGUAGE>E</DDLANGUAGE>
     <DOMVALUE_L>CAR</DOMVALUE_L>
     <DDTEXT>Car</DDTEXT>
    </DD07V>
    <DD07V>
     <DOMNAME>ZAKS_DO_FM_VTYP</DOMNAME>
     <VALPOS>0003</VALPOS>
     <DDLANGUAGE>E</DDLANGUAGE>
     <DOMVALUE_L>BUS</DOMVALUE_L>
     <DDTEXT>Bus</DDTEXT>
    </DD07V>
    <DD07V>
     <DOMNAME>ZAKS_DO_FM_VTYP</DOMNAME>
     <VALPOS>0004</VALPOS>
     <DDLANGUAGE>E</DDLANGUAGE>
     <DOMVALUE_L>VAN</DOMVALUE_L>
     <DDTEXT>Delivery VAN</DDTEXT>
    </DD07V>
    <DD07V>
     <DOMNAME>ZAKS_DO_FM_VTYP</DOMNAME>
     <VALPOS>0005</VALPOS>
     <DDLANGUAGE>E</DDLANGUAGE>
     <DOMVALUE_L>SUV</DOMVALUE_L>
     <DDTEXT>SUV</DDTEXT>
    </DD07V>
    <DD07V>
     <DOMNAME>ZAKS_DO_FM_VTYP</DOMNAME>
     <VALPOS>0006</VALPOS>
     <DDLANGUAGE>E</DDLANGUAGE>
     <DOMVALUE_L>MCY</DOMVALUE_L>
     <DDTEXT>Motorcycle</DDTEXT>
    </DD07V>
    <DD07V>
     <DOMNAME>ZAKS_DO_FM_VTYP</DOMNAME>
     <VALPOS>0007</VALPOS>
     <DDLANGUAGE>E</DDLANGUAGE>
     <DOMVALUE_L>TANKR</DOMVALUE_L>
     <DDTEXT>Tanker Truck</DDTEXT>
    </DD07V>
    <DD07V>
     <DOMNAME>ZAKS_DO_FM_VTYP</DOMNAME>
     <VALPOS>0008</VALPOS>
     <DDLANGUAGE>E</DDLANGUAGE>
     <DOMVALUE_L>PICKU</DOMVALUE_L>
     <DDTEXT>Pickup Truck</DDTEXT>
    </DD07V>
    <DD07V>
     <DOMNAME>ZAKS_DO_FM_VTYP</DOMNAME>
     <VALPOS>0009</VALPOS>
     <DDLANGUAGE>E</DDLANGUAGE>
     <DOMVALUE_L>EV</DOMVALUE_L>
     <DDTEXT>Electric Vehicle</DDTEXT>
    </DD07V>
    <DD07V>
     <DOMNAME>ZAKS_DO_FM_VTYP</DOMNAME>
     <VALPOS>0010</VALPOS>
     <DDLANGUAGE>E</DDLANGUAGE>
     <DOMVALUE_L>HYBD</DOMVALUE_L>
     <DDTEXT>Hybrid Vehicle</DDTEXT>
    </DD07V>
    <DD07V>
     <DOMNAME>ZAKS_DO_FM_VTYP</DOMNAME>
     <VALPOS>0011</VALPOS>
     <DDLANGUAGE>E</DDLANGUAGE>
     <DOMVALUE_L>CNSTR</DOMVALUE_L>
     <DDTEXT>Construction Vehicle</DDTEXT>
    </DD07V>
    <DD07V>
     <DOMNAME>ZAKS_DO_FM_VTYP</DOMNAME>
     <VALPOS>0012</VALPOS>
     <DDLANGUAGE>E</DDLANGUAGE>
     <DOMVALUE_L>AGRI</DOMVALUE_L>
     <DDTEXT>Agricultural Vehicle</DDTEXT>
    </DD07V>
   </DD07V_TAB>
  </asx:values>
 </asx:abap>
</abapGit>
