﻿<?xml version="1.0" encoding="utf-8"?>
<abapGit version="v1.0.0" serializer="LCL_OBJECT_DOMA" serializer_version="v1.0.0">
 <asx:abap xmlns:asx="http://www.sap.com/abapxml" version="1.0">
  <asx:values>
   <DD01V>
    <DOMNAME>ZAKS_DO_FM_DIST</DOMNAME>
    <DDLANGUAGE>E</DDLANGUAGE>
    <DATATYPE>DEC</DATATYPE>
    <LENG>000008</LENG>
    <OUTPUTLEN>000010</OUTPUTLEN>
    <DECIMALS>000002</DECIMALS>
    <DDTEXT>Trip Distance</DDTEXT>
    <DOMMASTER>E</DOMMASTER>
   </DD01V>
  </asx:values>
 </asx:abap>
</abapGit>
