﻿<?xml version="1.0" encoding="utf-8"?>
<abapGit version="v1.0.0" serializer="LCL_OBJECT_DOMA" serializer_version="v1.0.0">
 <asx:abap xmlns:asx="http://www.sap.com/abapxml" version="1.0">
  <asx:values>
   <DD01V>
    <DOMNAME>ZAKS_DO_FM_CTYP</DOMNAME>
    <DDLANGUAGE>E</DDLANGUAGE>
    <DATATYPE>CHAR</DATATYPE>
    <LENG>000010</LENG>
    <OUTPUTLEN>000010</OUTPUTLEN>
    <VALEXI>X</VALEXI>
    <DDTEXT>Cargo Type</DDTEXT>
    <DOMMASTER>E</DOMMASTER>
   </DD01V>
   <DD07V_TAB>
    <DD07V>
     <DOMNAME>ZAKS_DO_FM_CTYP</DOMNAME>
     <VALPOS>0001</VALPOS>
     <DDLANGUAGE>E</DDLANGUAGE>
     <DOMVALUE_L>GEN</DOMVALUE_L>
     <DDTEXT>General Goods</DDTEXT>
    </DD07V>
    <DD07V>
     <DOMNAME>ZAKS_DO_FM_CTYP</DOMNAME>
     <VALPOS>0002</VALPOS>
     <DDLANGUAGE>E</DDLANGUAGE>
     <DOMVALUE_L>FOOD</DOMVALUE_L>
     <DDTEXT>Food Products</DDTEXT>
    </DD07V>
    <DD07V>
     <DOMNAME>ZAKS_DO_FM_CTYP</DOMNAME>
     <VALPOS>0003</VALPOS>
     <DDLANGUAGE>E</DDLANGUAGE>
     <DOMVALUE_L>FRZN</DOMVALUE_L>
     <DDTEXT>Frozen Goods</DDTEXT>
    </DD07V>
    <DD07V>
     <DOMNAME>ZAKS_DO_FM_CTYP</DOMNAME>
     <VALPOS>0004</VALPOS>
     <DDLANGUAGE>E</DDLANGUAGE>
     <DOMVALUE_L>LIQ</DOMVALUE_L>
     <DDTEXT>Liquid Cargo</DDTEXT>
    </DD07V>
    <DD07V>
     <DOMNAME>ZAKS_DO_FM_CTYP</DOMNAME>
     <VALPOS>0005</VALPOS>
     <DDLANGUAGE>E</DDLANGUAGE>
     <DOMVALUE_L>FUEL</DOMVALUE_L>
     <DDTEXT>Fuel / Petroleum</DDTEXT>
    </DD07V>
    <DD07V>
     <DOMNAME>ZAKS_DO_FM_CTYP</DOMNAME>
     <VALPOS>0006</VALPOS>
     <DDLANGUAGE>E</DDLANGUAGE>
     <DOMVALUE_L>CHEM</DOMVALUE_L>
     <DDTEXT>Chemicals</DDTEXT>
    </DD07V>
    <DD07V>
     <DOMNAME>ZAKS_DO_FM_CTYP</DOMNAME>
     <VALPOS>0007</VALPOS>
     <DDLANGUAGE>E</DDLANGUAGE>
     <DOMVALUE_L>CONST</DOMVALUE_L>
     <DDTEXT>Construction Material</DDTEXT>
    </DD07V>
    <DD07V>
     <DOMNAME>ZAKS_DO_FM_CTYP</DOMNAME>
     <VALPOS>0008</VALPOS>
     <DDLANGUAGE>E</DDLANGUAGE>
     <DOMVALUE_L>AGRI</DOMVALUE_L>
     <DDTEXT>Agricultural Produce</DDTEXT>
    </DD07V>
    <DD07V>
     <DOMNAME>ZAKS_DO_FM_CTYP</DOMNAME>
     <VALPOS>0009</VALPOS>
     <DDLANGUAGE>E</DDLANGUAGE>
     <DOMVALUE_L>LIVESTK</DOMVALUE_L>
     <DDTEXT>Livestock</DDTEXT>
    </DD07V>
    <DD07V>
     <DOMNAME>ZAKS_DO_FM_CTYP</DOMNAME>
     <VALPOS>0010</VALPOS>
     <DDLANGUAGE>E</DDLANGUAGE>
     <DOMVALUE_L>POST</DOMVALUE_L>
     <DDTEXT>Postal / Courier</DDTEXT>
    </DD07V>
    <DD07V>
     <DOMNAME>ZAKS_DO_FM_CTYP</DOMNAME>
     <VALPOS>0011</VALPOS>
     <DDLANGUAGE>E</DDLANGUAGE>
     <DOMVALUE_L>PASS</DOMVALUE_L>
     <DDTEXT>Passengers</DDTEXT>
    </DD07V>
    <DD07V>
     <DOMNAME>ZAKS_DO_FM_CTYP</DOMNAME>
     <VALPOS>0012</VALPOS>
     <DDLANGUAGE>E</DDLANGUAGE>
     <DOMVALUE_L>OTHER</DOMVALUE_L>
     <DDTEXT>Other Cargo</DDTEXT>
    </DD07V>
   </DD07V_TAB>
  </asx:values>
 </asx:abap>
</abapGit>
