﻿<?xml version="1.0" encoding="utf-8"?>
<abapGit version="v1.0.0" serializer="LCL_OBJECT_TABL" serializer_version="v1.0.0">
 <asx:abap xmlns:asx="http://www.sap.com/abapxml" version="1.0">
  <asx:values>
   <DD02V>
    <TABNAME>ZAKS_MAINTENANCE</TABNAME>
    <DDLANGUAGE>E</DDLANGUAGE>
    <TABCLASS>TRANSP</TABCLASS>
    <CLIDEP>X</CLIDEP>
    <DDTEXT>Maintenance Table</DDTEXT>
    <MASTERLANG>E</MASTERLANG>
    <CONTFLAG>A</CONTFLAG>
    <EXCLASS>1</EXCLASS>
   </DD02V>
   <DD09L>
    <TABNAME>ZAKS_MAINTENANCE</TABNAME>
    <AS4LOCAL>A</AS4LOCAL>
    <TABKAT>0</TABKAT>
    <TABART>APPL0</TABART>
    <BUFALLOW>N</BUFALLOW>
   </DD09L>
   <DD03P_TABLE>
    <DD03P>
     <FIELDNAME>CLIENT</FIELDNAME>
     <KEYFLAG>X</KEYFLAG>
     <ADMINFIELD>0</ADMINFIELD>
     <INTTYPE>C</INTTYPE>
     <INTLEN>000006</INTLEN>
     <NOTNULL>X</NOTNULL>
     <DATATYPE>CLNT</DATATYPE>
     <LENG>000003</LENG>
     <MASK>  CLNT</MASK>
    </DD03P>
    <DD03P>
     <FIELDNAME>MAINT_UUID</FIELDNAME>
     <KEYFLAG>X</KEYFLAG>
     <ROLLNAME>UUID</ROLLNAME>
     <ADMINFIELD>0</ADMINFIELD>
     <NOTNULL>X</NOTNULL>
     <COMPTYPE>E</COMPTYPE>
    </DD03P>
    <DD03P>
     <FIELDNAME>MAINT_ID</FIELDNAME>
     <KEYFLAG>X</KEYFLAG>
     <ROLLNAME>ZAKS_FM_TID</ROLLNAME>
     <ADMINFIELD>0</ADMINFIELD>
     <NOTNULL>X</NOTNULL>
     <COMPTYPE>E</COMPTYPE>
    </DD03P>
    <DD03P>
     <FIELDNAME>VEHICLE_UUID</FIELDNAME>
     <ROLLNAME>UUID</ROLLNAME>
     <ADMINFIELD>0</ADMINFIELD>
     <NOTNULL>X</NOTNULL>
     <COMPTYPE>E</COMPTYPE>
    </DD03P>
    <DD03P>
     <FIELDNAME>VEHICLE_ID</FIELDNAME>
     <ROLLNAME>ZAKS_FM_VID</ROLLNAME>
     <ADMINFIELD>0</ADMINFIELD>
     <COMPTYPE>E</COMPTYPE>
    </DD03P>
    <DD03P>
     <FIELDNAME>SERVICE_DATE</FIELDNAME>
     <ADMINFIELD>0</ADMINFIELD>
     <INTTYPE>D</INTTYPE>
     <INTLEN>000016</INTLEN>
     <DATATYPE>DATS</DATATYPE>
     <LENG>000008</LENG>
     <MASK>  DATS</MASK>
     <SHLPORIGIN>T</SHLPORIGIN>
    </DD03P>
    <DD03P>
     <FIELDNAME>SERVICE_TYPE</FIELDNAME>
     <ROLLNAME>ZAKS_FM_STYP</ROLLNAME>
     <ADMINFIELD>0</ADMINFIELD>
     <VALEXI>X</VALEXI>
     <SHLPORIGIN>F</SHLPORIGIN>
     <COMPTYPE>E</COMPTYPE>
    </DD03P>
    <DD03P>
     <FIELDNAME>WORKSHOP_NAME</FIELDNAME>
     <ROLLNAME>ZAKS_FM_WRK</ROLLNAME>
     <ADMINFIELD>0</ADMINFIELD>
     <COMPTYPE>E</COMPTYPE>
    </DD03P>
    <DD03P>
     <FIELDNAME>SERVICE_COST</FIELDNAME>
     <ROLLNAME>ZAKS_FM_VPP</ROLLNAME>
     <ADMINFIELD>0</ADMINFIELD>
     <REFTABLE>ZAKS_MAINTENANCE</REFTABLE>
     <REFFIELD>CURRENCY</REFFIELD>
     <COMPTYPE>E</COMPTYPE>
    </DD03P>
    <DD03P>
     <FIELDNAME>CURRENCY</FIELDNAME>
     <ROLLNAME>WAERS</ROLLNAME>
     <ADMINFIELD>0</ADMINFIELD>
     <COMPTYPE>E</COMPTYPE>
    </DD03P>
    <DD03P>
     <FIELDNAME>ODOMETER_READING</FIELDNAME>
     <ADMINFIELD>0</ADMINFIELD>
     <INTTYPE>P</INTTYPE>
     <INTLEN>000005</INTLEN>
     <DATATYPE>DEC</DATATYPE>
     <LENG>000008</LENG>
     <DECIMALS>000002</DECIMALS>
     <MASK>  DEC</MASK>
    </DD03P>
    <DD03P>
     <FIELDNAME>PARTS_CHANGED</FIELDNAME>
     <ADMINFIELD>0</ADMINFIELD>
     <INTTYPE>C</INTTYPE>
     <INTLEN>000100</INTLEN>
     <DATATYPE>CHAR</DATATYPE>
     <LENG>000050</LENG>
     <MASK>  CHAR</MASK>
    </DD03P>
    <DD03P>
     <FIELDNAME>WARRANTY_CLAIM</FIELDNAME>
     <ROLLNAME>ZAKS_FM_WC</ROLLNAME>
     <ADMINFIELD>0</ADMINFIELD>
     <VALEXI>X</VALEXI>
     <SHLPORIGIN>F</SHLPORIGIN>
     <COMPTYPE>E</COMPTYPE>
    </DD03P>
    <DD03P>
     <FIELDNAME>NEXT_SERVICE_DATE</FIELDNAME>
     <ADMINFIELD>0</ADMINFIELD>
     <INTTYPE>D</INTTYPE>
     <INTLEN>000016</INTLEN>
     <DATATYPE>DATS</DATATYPE>
     <LENG>000008</LENG>
     <MASK>  DATS</MASK>
     <SHLPORIGIN>T</SHLPORIGIN>
    </DD03P>
    <DD03P>
     <FIELDNAME>MATERIAL_NUMBER</FIELDNAME>
     <ROLLNAME>MATNR</ROLLNAME>
     <ADMINFIELD>0</ADMINFIELD>
     <SHLPORIGIN>D</SHLPORIGIN>
     <COMPTYPE>E</COMPTYPE>
    </DD03P>
    <DD03P>
     <FIELDNAME>VENDOR_NUMBER</FIELDNAME>
     <ROLLNAME>LIFNR</ROLLNAME>
     <ADMINFIELD>0</ADMINFIELD>
     <SHLPORIGIN>D</SHLPORIGIN>
     <COMPTYPE>E</COMPTYPE>
    </DD03P>
    <DD03P>
     <FIELDNAME>CREATED_BY</FIELDNAME>
     <ROLLNAME>SYUNAME</ROLLNAME>
     <ADMINFIELD>0</ADMINFIELD>
     <COMPTYPE>E</COMPTYPE>
    </DD03P>
    <DD03P>
     <FIELDNAME>CREATED_ON</FIELDNAME>
     <ROLLNAME>SYDATE</ROLLNAME>
     <ADMINFIELD>0</ADMINFIELD>
     <SHLPORIGIN>T</SHLPORIGIN>
     <COMPTYPE>E</COMPTYPE>
    </DD03P>
   </DD03P_TABLE>
   <TABL_EXTRAS>
    <TDDAT>
     <TABNAME>ZAKS_MAINTENANCE</TABNAME>
     <CCLASS>CUS_DEV_SUP_DA</CCLASS>
    </TDDAT>
   </TABL_EXTRAS>
  </asx:values>
 </asx:abap>
</abapGit>
